duplicate_title,duplicate_db,original_title,original_db,reason
Standard long IV catheters versus extended dwell catheters: a randomized comparison of ultrasound-guided catheter survival,Cochrane,Standard long IV catheters versus extended dwell catheters: A randomized comparison of ultrasound-guided catheter survival.,PubMed,DOI match: 10.1016/j.ajem.2018.07.031
Ultrasound-guided PIVC insertion: a randomised controlled trial protocol,Cochrane,Ultrasound-guided PIVC insertion: a randomised controlled trial protocol.,PubMed,DOI match: 10.12968/bjon.2023.32.14.s22
First-Attempt Success in Ultrasound-Guided vs Standard Peripheral Intravenous Catheter Insertion: the EPIC Superiority Randomized Clinical Trial,Cochrane,First-Attempt Success in Ultrasound-Guided vs Standard Peripheral Intravenous Catheter Insertion: The EPIC Superiority Randomized Clinical Trial.,PubMed,DOI match: 10.1001/jamapediatrics.2024.5581
Predictors of ultrasound-guided peripheral intravenous catheter failure: a secondary analysis of existing trial data,Cochrane,Predictors of ultrasound-guided peripheral intravenous catheter failure: A secondary analysis of existing trial data.,PubMed,DOI match: 10.1177/11297298221122118
Success of ultrasound-guided peripheral intravenous access with skin marking,Cochrane,Success of ultrasound-guided peripheral intravenous access with skin marking.,PubMed,DOI match: 10.1111/j.1553-2712.2008.00174.x
245 Comparison of Single-Lumen Midline Catheters to Long Peripheral Intravenous Lines in the Emergency Department: a Randomized Controlled Trial,Cochrane,Comparison of Single-Lumen Midline Catheters to Long Peripheral Intravenous Lines in the Emergency Department: a Randomized Controlled Trial,Cochrane,Title similarity (0.95): '245 Comparison of Single-Lumen Midline Catheters to Long Per...'
Vesicant infusates are not associated with ultrasound-guided peripheral intravenous catheter failure: a secondary analysis of existing data,Cochrane,Vesicant infusates are not associated with ultrasound-guided peripheral intravenous catheter failure: A secondary analysis of existing data.,PubMed,DOI match: 10.1371/journal.pone.0262793
Ultrasound-guided versus landmark approach for peripheral intravenous access by critical care nurses: a randomised controlled study,Cochrane,Ultrasound-guided versus landmark approach for peripheral intravenous access by critical care nurses: a randomised controlled study.,PubMed,DOI match: 10.1136/bmjopen-2017-020220
Ultra long versus standard long peripheral intravenous catheters: a randomized controlled trial of ultrasound-guided catheter survival,Cochrane,346 Ultra Long Versus Standard Long Peripheral Intravenous Catheters: a Randomized Controlled Trial of Ultrasound-Guided Catheter Survival,Cochrane,Title similarity (0.94): 'Ultra long versus standard long peripheral intravenous cathe...'
The utility of peripheral intravenous catheters inserted in the emergency department and their survivorship in the hospital,Cochrane,The Utility and Survivorship of Peripheral Intravenous Catheters Inserted in the Emergency Department.,PubMed,Title similarity (0.86): 'The utility of peripheral intravenous catheters inserted in ...'
The Utility and Survivorship of Peripheral Intravenous Catheters Inserted in the Emergency Department,Cochrane,The Utility and Survivorship of Peripheral Intravenous Catheters Inserted in the Emergency Department.,PubMed,DOI match: 10.1016/j.annemergmed.2019.02.003
Assertiveness and peripheral intravenous catheters dwell time with ultrasonography-guided insertion in children and adolescents,Cochrane,[Assertiveness and peripheral intravenous catheters dwell time with ultrasonography-guided insertion in children and adolescents].,PubMed,PMID match: 24601127
"Long guidewire peripheral intravenous catheters in emergency departments for management of difficult intravenous access: a multicenter, pragmatic, randomized controlled trial",Cochrane,"Long guidewire peripheral intravenous catheters in emergency departments for management of difficult intravenous access: A multicenter, pragmatic, randomized controlled trial.",PubMed,DOI match: 10.1111/acem.15004
Ultrasonography-Guided Peripheral Intravenous Access in Children: a Randomized Controlled Trial,Cochrane,Ultrasonography-Guided Peripheral Intravenous Access in Children: A Randomized Controlled Trial.,PubMed,DOI match: 10.1097/nan.0000000000000126
Ultrasonographic Detection of Micro-Bubbles in the Right Atrium to Confirm Peripheral Venous Catheter Position in Children,Cochrane,Ultrasonographic Detection of Micro-Bubbles in the Right Atrium to Confirm Peripheral Venous Catheter Position in Children.,PubMed,DOI match: 10.1097/ccm.0000000000003916
Ultralong Versus Standard Long Peripheral Intravenous Catheters: a Randomized Controlled Trial of Ultrasonographically Guided Catheter Survival,Cochrane,Ultralong Versus Standard Long Peripheral Intravenous Catheters: A Randomized Controlled Trial of Ultrasonographically Guided Catheter Survival.,PubMed,DOI match: 10.1016/j.annemergmed.2019.11.013
Peripheral intravenous catheter securement with tissue adhesive compared to conventional dressing: a randomized controlled trial,Cochrane,New electronic optical sensor for the early detection of peripheral iv infiltration,Cochrane,DOI match: 10.1177/1129729820953
Long versus conventional peripheral intravenous catheters to reduce venipunctures during hospital stay: a randomized controlled trial,Cochrane,Long versus conventional peripheral intravenous catheters to reduce venipunctures during hospital stay: A randomized controlled trial.,PubMed,DOI match: 10.1177/11297298251385595
Incidence of fibroblastic sleeve in midline catheters: A pilot study in a non-intensive medical department,Embase,Incidence of fibroblastic sleeve in midline catheters: A pilot study in a non-intensive medical department.,PubMed,DOI match: 10.1177/11297298251356774
Polyurethane Peripheral Venous Catheter as a Permanent Microvascular Graft in a Rat Model: Potential Application as an Artificial Vascular Graft in Digital Replantation,Embase,Polyurethane Peripheral Venous Catheter as a Permanent Microvascular Graft in a Rat Model: Potential Application as an Artificial Vascular Graft in Digital Replantation.,PubMed,DOI match: 10.1016/j.avsg.2025.11.146
Ultra long peripheral catheter versus accelerated Seldinger technique long peripheral catheter in difficult intravenous access patients (ULAST): a pragmatic randomised controlled trial protocol,Embase,Ultra long peripheral catheter versus accelerated Seldinger technique long peripheral catheter in difficult intravenous access patients (ULAST): a pragmatic randomised controlled trial protocol.,PubMed,DOI match: 10.1136/bmjopen-2025-106079
The use of paramedics to establish an in-hospital ultrasound-guided peripheral intravenous access program,Embase,The use of paramedics to establish an in-hospital ultrasound-guided peripheral intravenous access program.,PubMed,DOI match: 10.1177/11297298251333494
Puncture site versus exit site in central venous access procedures: Still a source of confusion,Embase,Puncture site versus exit site in central venous access procedures: Still a source of confusion.,PubMed,DOI match: 10.1177/11297298251338968
Prediction of failure risk on the first attempt of peripheral puncture: Secondary analysis of the SPECTRA control group,Embase,Prediction of failure risk on the first attempt of peripheral puncture: Secondary analysis of the SPECTRA control group.,PubMed,DOI match: 10.1177/11297298251378615
Standardised procedure for pacemaker axillary vein puncture,Embase,Standardised procedure for pacemaker axillary vein puncture.,PubMed,DOI match: 10.1186/s12872-025-04731-7
Anticipating impending peripheral intravenous catheter failure: A diagnostic accuracy observational study combining ultrasound and artificial intelligence to improve clinical care,Embase,Anticipating impending peripheral intravenous catheter failure: A diagnostic accuracy observational study combining ultrasound and artificial intelligence to improve clinical care.,PubMed,DOI match: 10.1177/11297298241307055
Midline catheter insertion as a strategic component of intravenous infusion: A single-centre retrospective analysis,Embase,Midline catheter insertion as a strategic component of intravenous infusion: A single-centre retrospective analysis.,PubMed,DOI match: 10.1177/11297298251316956
A retrospective cohort study on the use of ultrasound in establishing peripheral intravenous access in emergency patients with difficult veins,Embase,A retrospective cohort study on the use of ultrasound in establishing peripheral intravenous access in emergency patients with difficult veins.,PubMed,DOI match: 10.1097/md.0000000000044348
Insertion-related complications after central venous catheterization in onco-hematologic children: A prospective clinical study,Embase,Insertion-related complications after central venous catheterization in onco-hematologic children: A prospective clinical study.,PubMed,DOI match: 10.1007/s00431-025-06452-7
ULTRASOUND-GUIDED VS LANDMARK PERIPHERAL IV CANNULATION IN THE PEDIATRIC ED: A RANDOMIZED CONTROLLED TRIAL,Embase,ULTRASOUND-GUIDED VS LANDMARK PERIPHERAL IV CANNULATION IN THE PEDIATRIC ED: a RANDOMIZED CONTROLLED TRIAL,Cochrane,DOI match: 10.70034/ijmedph.2025.4.336
Optimal catheter-to-vein ratios to prevent peripheral venous catheter failure: a single-centre prospective cohort study,Embase,Optimal catheter-to-vein ratios to prevent peripheral venous catheter failure: a single-centre prospective cohort study.,PubMed,DOI match: 10.1016/j.bja.2025.06.037
Role of ultrasound imaging of subclavian vein to confirm correct placement of the peripheral intravenous cannula to avoid extravasation in an edematous patient,Embase,Role of ultrasound imaging of subclavian vein to confirm correct placement of the peripheral intravenous cannula to avoid extravasation in an edematous patient.,PubMed,DOI match: 10.4103/joacp.joacp_406_24
Feasibility of Bedside Ultrasound-Guided Peripherally Inserted Central Catheter Placement in Cancer Patients in Palliative Care: A Single-Center Retrospective Study,Embase,Feasibility of Bedside Ultrasound-Guided Peripherally Inserted Central Catheter Placement in Cancer Patients in Palliative Care: A Single-Center Retrospective Study.,PubMed,DOI match: 10.3390/medicina61101876
"Comparison of peripheral cannula outcomes, ultrasound-guided placement of deep veins versus blind insertion of superficial veins in children aged 0–18 years: A retrospective study",Embase,"Comparison of peripheral cannula outcomes, ultrasound-guided placement of deep veins versus blind insertion of superficial veins in children aged 0-18 years: A retrospective study.",PubMed,DOI match: 10.1177/11297298241282369
245 Comparison of Single-Lumen Midline Catheters to Long Peripheral Intravenous Lines in the Emergency Department: A Randomized Controlled Trial,Embase,Comparison of Single-Lumen Midline Catheters to Long Peripheral Intravenous Lines in the Emergency Department: a Randomized Controlled Trial,Cochrane,Title similarity (0.95): '245 Comparison of Single-Lumen Midline Catheters to Long Per...'
Risk factors of difficult intravenous access and catheter failure in the urology ward: A prospective observational study,Embase,Risk factors of difficult intravenous access and catheter failure in the urology ward: A prospective observational study.,PubMed,DOI match: 10.1177/11297298241278772
Ultrasonography-Observed Subcutaneous Edema Immediately After Peripheral Intravenous Catheter Placement Is a Factor in Subsequent Catheter Failure,Embase,Ultrasonography-Observed Subcutaneous Edema Immediately After Peripheral Intravenous Catheter Placement Is a Factor in Subsequent Catheter Failure.,PubMed,DOI match: 10.1097/nan.0000000000000595
Systematic application of SICA-PED protocol for central venous catheterization in neonates: A prospective clinical study on 104 cases,Embase,Systematic application of SICA-PED protocol for central venous catheterization in neonates: A prospective clinical study on 104 cases.,PubMed,DOI match: 10.1177/11297298241239998
Poland’s first vascular access team 3-year analysis: Insights and learnings,Embase,Poland's first vascular access team 3-year analysis: Insights and learnings.,PubMed,DOI match: 10.1177/11297298241251502
"Totally implanted central venous access devices inserted by the femoral route: A narrative review and the proposal of a novel approach, the FICC-port",Embase,"Totally implanted central venous access devices inserted by the femoral route: A narrative review and the proposal of a novel approach, the FICC-port.",PubMed,DOI match: 10.1177/11297298241236816
Required volume for color flow injection test to confirm the intravascular placement of a peripheral venous catheter,Embase,Required volume for color flow injection test to confirm the intravascular placement of a peripheral venous catheter.,PubMed,DOI match: 10.1177/11297298241258625
Comparison of Single-Lumen Midline Catheters to Long Peripheral Intravenous Lines in the Emergency Department: A Randomized Controlled Trial,Embase,Comparison of Single-Lumen Midline Catheters to Long Peripheral Intravenous Lines in the Emergency Department: a Randomized Controlled Trial,Cochrane,DOI match: 10.1111/acem.70052
Ultrasound-guided versus anatomic landmark-guided percutaneous femoral artery access,Embase,Ultrasound-guided versus anatomic landmark-guided percutaneous femoral artery access.,PubMed,DOI match: 10.1002/14651858.cd014594.pub2
First-Attempt Success in Ultrasound-Guided vs Standard Peripheral Intravenous Catheter Insertion: The EPIC Superiority Randomized Clinical Trial,Embase,First-Attempt Success in Ultrasound-Guided vs Standard Peripheral Intravenous Catheter Insertion: The EPIC Superiority Randomized Clinical Trial.,PubMed,DOI match: 10.1001/jamapediatrics.2024.5581
Femoral venous access: State of the art and future perspectives,Embase,Femoral venous access: State of the art and future perspectives.,PubMed,DOI match: 10.1177/11297298231209253
Ultrasound evaluation of peripheral intravenous catheter thrombus formation associated with intravenous flucloxacillin administration: A prospective observational pilot study,Embase,Ultrasound evaluation of peripheral intravenous catheter thrombus formation associated with intravenous flucloxacillin administration: A prospective observational pilot study.,PubMed,DOI match: 10.1002/ajum.12414
Long versus conventional peripheral intravenous catheters to reduce venipunctures during hospital stay: A randomized controlled trial,Embase,Long versus conventional peripheral intravenous catheters to reduce venipunctures during hospital stay: A randomized controlled trial.,PubMed,DOI match: 10.1177/11297298251385595
"Comparison of procedural duration among ultrasound-guided IVs, mini-midline catheters, and central venous catheters inserted in the emergency department",Embase,"Comparison of procedural duration among ultrasound-guided IVs, mini-midline catheters, and central venous catheters inserted in the emergency department.",PubMed,DOI match: 10.1177/11297298251395137
Devices for Neonatal Peripheral Catheterization and Tip Confirmation: A Systematic Review and Meta-Analysis,Embase,Devices for Neonatal Peripheral Catheterization and Tip Confirmation: A Systematic Review and Meta-Analysis.,PubMed,DOI match: 10.1159/000549323
Operation STICK Improves Vascular Access Outcomes in a Specialty Team: A Quasi-Experimental Study,Embase,Operation STICK Improves Vascular Access Outcomes in a Specialty Team: A Quasi-Experimental Study.,PubMed,DOI match: 10.1097/ncq.0000000000000801
PICC tip dislodgement causing massive pleural effusion and atelectasis with acute respiratory failure: a case report,Embase,PICC tip dislodgement causing massive pleural effusion and atelectasis with acute respiratory failure: a case report.,PubMed,DOI match: 10.1186/s12887-024-04856-2
Catheters linked thrombosis in neonates: a single center observational study,Embase,Catheters linked thrombosis in neonates: a single center observational study.,PubMed,DOI match: 10.1186/s13052-024-01708-8
"Long guidewire peripheral intravenous catheters in emergency departments for management of difficult intravenous access: A multicenter, pragmatic, randomized controlled trial",Embase,"Long guidewire peripheral intravenous catheters in emergency departments for management of difficult intravenous access: A multicenter, pragmatic, randomized controlled trial.",PubMed,DOI match: 10.1111/acem.15004
The performance and complications of long peripheral venous catheters: A retrospective single-centre study,Embase,The performance and complications of long peripheral venous catheters: A retrospective single-centre study.,PubMed,DOI match: 10.1111/aas.14517
Feasibility and efficacy of real-time ultrasound-guided venous closure with suture-mediated vascular closure device,Embase,Feasibility and efficacy of real-time ultrasound-guided venous closure with suture-mediated vascular closure device.,PubMed,DOI match: 10.1016/j.hrthm.2024.04.041
Cost effectiveness of a vascular access education and training program for hospitalized emergency department patients,Embase,Cost effectiveness of a vascular access education and training program for hospitalized emergency department patients.,PubMed,DOI match: 10.1371/journal.pone.0310676
A PROSPECTIVE STUDY ON ROUTINE ECHOCARDIOGRAPHY BEFORE CVC REMOVAL,Embase,EFFICACY OF PIVC INSERTION USING IMAGING TECHNOLOGY COMPARED TO COMBINED PALPATION AND VISUALIZATION. THE EPIC RANDOMISED CONTROLLED TRIAL,Cochrane,DOI match: 10.1177/11297298241281189
EFFICACY OF PIVC INSERTION USING IMAGING TECHNOLOGY COMPARED TO COMBINED PALPATION AND VISUALIZATION. THE EPIC RANDOMISED CONTROLLED TRIAL.,Embase,EFFICACY OF PIVC INSERTION USING IMAGING TECHNOLOGY COMPARED TO COMBINED PALPATION AND VISUALIZATION. THE EPIC RANDOMISED CONTROLLED TRIAL,Cochrane,DOI match: 10.1177/11297298241281189
"Ultrasound placed long peripheral cannulas, as pain control tool, in pediatric patients with difficult intravenous access (DIVA)",Embase,EFFICACY OF PIVC INSERTION USING IMAGING TECHNOLOGY COMPARED TO COMBINED PALPATION AND VISUALIZATION. THE EPIC RANDOMISED CONTROLLED TRIAL,Cochrane,DOI match: 10.1177/11297298241281189
Development of a machine learning-based risk assessment method using transformer models to enhance ultrasonography utilization in the prevention of peripheral intravenous catheter failure,Embase,EFFICACY OF PIVC INSERTION USING IMAGING TECHNOLOGY COMPARED TO COMBINED PALPATION AND VISUALIZATION. THE EPIC RANDOMISED CONTROLLED TRIAL,Cochrane,DOI match: 10.1177/11297298241281189
Efficacy of PIVC insertion using imaging technology compared to combined palpation and visualization. the EPIC randomised controlled trial,Embase,EFFICACY OF PIVC INSERTION USING IMAGING TECHNOLOGY COMPARED TO COMBINED PALPATION AND VISUALIZATION. THE EPIC RANDOMISED CONTROLLED TRIAL,Cochrane,DOI match: 10.1177/11297298241281189
TIVAD and IC-ECG in children,Embase,EFFICACY OF PIVC INSERTION USING IMAGING TECHNOLOGY COMPARED TO COMBINED PALPATION AND VISUALIZATION. THE EPIC RANDOMISED CONTROLLED TRIAL,Cochrane,DOI match: 10.1177/11297298241281189
LONG PERIPHERAL CATETER in DIVA SCORE CHILDREN AS A VENOUS ACCES ALTERNATIVE: Prospective cohort,Embase,EFFICACY OF PIVC INSERTION USING IMAGING TECHNOLOGY COMPARED TO COMBINED PALPATION AND VISUALIZATION. THE EPIC RANDOMISED CONTROLLED TRIAL,Cochrane,DOI match: 10.1177/11297298241281189
"Ten Fingers, Ten Toes, Two Nurses, One Goal; Expansion of a NICU Vascular Access Program to Improve Care and Reduce Harm",Embase,EFFICACY OF PIVC INSERTION USING IMAGING TECHNOLOGY COMPARED TO COMBINED PALPATION AND VISUALIZATION. THE EPIC RANDOMISED CONTROLLED TRIAL,Cochrane,DOI match: 10.1177/11297298241281189
Clinical practice of introducing and care of vascular access in Anesthesiology and Intensive Care Medicine-a national questionnaire study in the Czech Republic,Embase,EFFICACY OF PIVC INSERTION USING IMAGING TECHNOLOGY COMPARED TO COMBINED PALPATION AND VISUALIZATION. THE EPIC RANDOMISED CONTROLLED TRIAL,Cochrane,DOI match: 10.1177/11297298241281189
Clinical application study of midline catheter in vasopressor therapy,Embase,[Clinical application study of midline catheter in vasopressor therapy].,PubMed,DOI match: 10.3760/cma.j.cn121430-20240326-00286
The safe implementation of peripherally inserted central catheters by nurse practitioners for patients with gastroenterological diseases in Japan: a single-center retrospective study,Embase,The safe implementation of peripherally inserted central catheters by nurse practitioners for patients with gastroenterological diseases in Japan: a single-center retrospective study.,PubMed,DOI match: 10.1007/s00595-023-02748-z
Introducing an ultrasound-guided longer length peripheral IV catheter for patients with difficult venous access,Embase,Introducing an ultrasound-guided longer length peripheral IV catheter for patients with difficult venous access.,PubMed,DOI match: 10.12968/bjon.2024.33.7.s4
10 best practice tips with radial arterial catheterization,Embase,10 best practice tips with radial arterial catheterization.,PubMed,DOI match: 10.1177/11297298221101243
Predictors of ultrasound-guided peripheral intravenous catheter failure: A secondary analysis of existing trial data,Embase,Predictors of ultrasound-guided peripheral intravenous catheter failure: A secondary analysis of existing trial data.,PubMed,DOI match: 10.1177/11297298221122118
Complications of Pediatric Midline Catheters: A Prospective Observational Pilot Study,Embase,Complications of Pediatric Midline Catheters: A Prospective Observational Pilot Study.,PubMed,DOI match: 10.1213/ane.0000000000006328
"Ultrasound-guided Peripheral Intravenous Catheter Placement in an Oncologic Emergency Department - a Prospective, Randomized Controlled Trial of Catheter Lengths",Embase,"Ultrasound-guided Peripheral Intravenous Catheter Placement in an Oncologic Emergency Department - a Prospective, Randomized Controlled Trial of Catheter Lengths",Cochrane,Title similarity (1.00): 'Ultrasound-guided Peripheral Intravenous Catheter Placement ...'
"Investigative study of hemodilution ratio: 4Vs for vein diameter, valve, velocity, and volumetric blood flow as factors for optimal forearm vein selection for intravenous infusion",Embase,"Investigative study of hemodilution ratio: 4Vs for vein diameter, valve, velocity, and volumetric blood flow as factors for optimal forearm vein selection for intravenous infusion.",PubMed,DOI match: 10.1177/11297298221095287
“Safe Femoral” Artery Approach in Endovascular Procedures: A Systematic Review of Its Safety and Feasibility,Embase,"""Safe Femoral"" Artery Approach in Endovascular Procedures: A Systematic Review of Its Safety and Feasibility.",PubMed,DOI match: 10.1016/j.cpcardiol.2023.102114
Implementation of a midline catheter service in a regional setting,Embase,Implementation of a midline catheter service in a regional setting.,PubMed,Title similarity (1.00): 'Implementation of a midline catheter service in a regional s...'
Evaluating the Role of the Guidewire in Peripheral Intravenous Access: a Randomized Controlled Trial of Ultrasound-Guided Catheter Survival,Embase,Evaluating the Role of the Guidewire in Peripheral Intravenous Access: a Randomized Controlled Trial of Ultrasound-Guided Catheter Survival,Cochrane,Title similarity (1.00): 'Evaluating the Role of the Guidewire in Peripheral Intraveno...'
A multicenter retrospective study on 4480 implanted PICC-ports: A GAVeCeLT project,Embase,A multicenter retrospective study on 4480 implanted PICC-ports: A GAVeCeLT project.,PubMed,DOI match: 10.1177/11297298211067683
Ultrasound-guided pacemaker implantation at the bedside: A lifesaving technique for cardiac emergencies,Embase,Ultrasound-guided pacemaker implantation at the bedside: A lifesaving technique for cardiac emergencies.,PubMed,DOI match: 10.1111/anec.13071
Evaluation of extended-length cannula inserted using ultrasound guidance in patients with difficult IV access,Embase,Evaluation of extended-length cannula inserted using ultrasound guidance in patients with difficult IV access.,PubMed,DOI match: 10.12968/bjon.2023.32.14.s14
Ultrasound-guided PIVC insertion: a randomised controlled trial protocol,Embase,Ultrasound-guided PIVC insertion: a randomised controlled trial protocol.,PubMed,DOI match: 10.12968/bjon.2023.32.14.s22
Performance of peripheral catheters inserted with ultrasound guidance versus landmark technique after a simulation-based mastery learning intervention,Embase,Performance of peripheral catheters inserted with ultrasound guidance versus landmark technique after a simulation-based mastery learning intervention.,PubMed,DOI match: 10.1177/11297298211044363
Ultrasound-guided access to the axillary vein for implantation of cardiac implantable electronic devices: A systematic review and meta-analysis,Embase,Ultrasound-guided access to the axillary vein for implantation of cardiac implantable electronic devices: A systematic review and meta-analysis.,PubMed,DOI match: 10.1177/11297298211054621
Assessing the utility of ultrasound-guided vascular access placement with longer catheters in critically ill pediatric patients,Embase,Assessing the utility of ultrasound-guided vascular access placement with longer catheters in critically ill pediatric patients.,PubMed,DOI match: 10.1111/pan.14645
Secondary malposition of a PICC-port due to heavy physical exercise: A case report,Embase,Secondary malposition of a PICC-port due to heavy physical exercise: A case report.,PubMed,DOI match: 10.1177/11297298211039445
"Educating health professionals in ultrasound guided peripheral intravenous cannulation: A systematic review of teaching methods, competence assessment, and patient outcomes",Embase,"Educating health professionals in ultrasound guided peripheral intravenous cannulation: A systematic review of teaching methods, competence assessment, and patient outcomes.",PubMed,DOI match: 10.1097/md.0000000000033624
Sensing Technologies for Extravasation Detection: A Review,Embase,Sensing Technologies for Extravasation Detection: A Review.,PubMed,DOI match: 10.1021/acssensors.2c02602
Effectiveness of ultrasonography for peripheral catheter insertion and catheter failure prevention in visible and palpable veins,Embase,Effectiveness of ultrasonography for peripheral catheter insertion and catheter failure prevention in visible and palpable veins.,PubMed,DOI match: 10.1177/11297298211022078
Ultrasound assessment of peripheral intravenous catheters by nurses in the pediatric intensive care unit,Embase,Ultrasound assessment of peripheral intravenous catheters by nurses in the pediatric intensive care unit.,PubMed,DOI match: 10.1177/11297298211024805
Outcomes of ultrasound guided peripheral intravenous catheters placed in the emergency department and factors associated with survival,Embase,Outcomes of Ultrasound Guided Peripheral Intravenous Catheters Placed in the Emergency Department and Factors Associated with Survival.,PubMed,DOI match: 10.2147/oaem.s405692
INTRODUCING A LONGER-LENGTH PIVC TO SUPPORT IMPROVED OUTCOMESFOR DIFFICULT INTRAVENOUS ACCESS (DIVA) PATIENTS,Embase,TALKING ABOUT COST-EFFECTIVENESS AND QUALITY IN THE CARE OF PATIENTS WITH PERIPHERAL VENOUS ACCESS: PIVC VS MINI-MIDLINE,Embase,DOI match: 10.1177/11297298221129234
EXPERIENCE WITH LONG PERIPHERAL CATHETERS,Embase,TALKING ABOUT COST-EFFECTIVENESS AND QUALITY IN THE CARE OF PATIENTS WITH PERIPHERAL VENOUS ACCESS: PIVC VS MINI-MIDLINE,Embase,DOI match: 10.1177/11297298221129234
"SAVING THE WORLD, ONE PATIENT AT A TIME, BY DOING THE RIGHT THING FIRST",Embase,TALKING ABOUT COST-EFFECTIVENESS AND QUALITY IN THE CARE OF PATIENTS WITH PERIPHERAL VENOUS ACCESS: PIVC VS MINI-MIDLINE,Embase,DOI match: 10.1177/11297298221129234
A PILOT FEASIBILITY STUDY ON THE USE OF DIALKYLCARBAMOYLCHLORIDE DRESSING (DACCD) FOR THE PREVENTION OF EXIT SITE INFECTION IN A PEDIATRIC POPULATION,Embase,TALKING ABOUT COST-EFFECTIVENESS AND QUALITY IN THE CARE OF PATIENTS WITH PERIPHERAL VENOUS ACCESS: PIVC VS MINI-MIDLINE,Embase,DOI match: 10.1177/11297298221129234
ULTRASOUND-GUIDED INSERTION OF THE LONG PERIPHERAL CANNULA IN CHILDREN WITH DIVA,Embase,TALKING ABOUT COST-EFFECTIVENESS AND QUALITY IN THE CARE OF PATIENTS WITH PERIPHERAL VENOUS ACCESS: PIVC VS MINI-MIDLINE,Embase,DOI match: 10.1177/11297298221129234
A prospective sonographic evaluation of peripheral intravenous catheter associated thrombophlebitis,Embase,A prospective sonographic evaluation of peripheral intravenous catheter associated thrombophlebitis.,PubMed,DOI match: 10.1177/11297298211009019
Factors associated with intraoperative intravenous catheter extravasation in children,Embase,Factors associated with intraoperative intravenous catheter extravasation in children.,PubMed,DOI match: 10.1177/0310057x211062614
Development and Implementation of an Ultrasound-Guided Peripheral Intravenous Catheter Education Program for Critical Care Nurses,Embase,Development and Implementation of an Ultrasound-Guided Peripheral Intravenous Catheter Education Program for Critical Care Nurses.,PubMed,DOI match: 10.1097/dcc.0000000000000528
Automatic vein measurement by ultrasonography to prevent peripheral intravenous catheter failure for clinical practice using artificial intelligence: development and evaluation study of an automatic detection method based on deep learning,Embase,Automatic vein measurement by ultrasonography to prevent peripheral intravenous catheter failure for clinical practice using artificial intelligence: development and evaluation study of an automatic detection method based on deep learning.,PubMed,DOI match: 10.1136/bmjopen-2021-051466
Comparison of Ultrasound Guided and Conventional Techniques for Peripheral Venous Catheter Insertion in Pediatric Patients: A Systematic Review and Meta-Analysis of Randomized Controlled Trials,Embase,Comparison of Ultrasound Guided and Conventional Techniques for Peripheral Venous Catheter Insertion in Pediatric Patients: A Systematic Review and Meta-Analysis of Randomized Controlled Trials.,PubMed,DOI match: 10.3389/fped.2021.797705
Ultrasound-Guided Great Saphenous Vein Access: Revisiting an Old Friend in a New Location,Embase,Ultrasound-Guided Great Saphenous Vein Access: Revisiting an Old Friend in a New Location.,PubMed,DOI match: 10.1016/j.jemermed.2021.10.006
Correlation between visual inspection/physical exam and point-of-care ultrasound exam in the evaluation of neonatal peripheral intravenous catheter site,Embase,Correlation between visual inspection/physical exam and point-of-care ultrasound exam in the evaluation of neonatal peripheral intravenous catheter site.,PubMed,DOI match: 10.1080/14767058.2021.1988564
Vesicant infusates are not associated with ultrasound-guided peripheral intravenous catheter failure: A secondary analysis of existing data,Embase,Vesicant infusates are not associated with ultrasound-guided peripheral intravenous catheter failure: A secondary analysis of existing data.,PubMed,DOI match: 10.1371/journal.pone.0262793
Safety verification of a new peripheral intravenous catheter placed in the upper arm vein for administration of drugs with high irritant potential,Embase,Safety verification of a new peripheral intravenous catheter placed in the upper arm vein for administration of drugs with high irritant potential.,PubMed,DOI match: 10.5582/ddt.2022.01034
Precordial Doppler to assess vascular access in children: A preliminary report,Embase,Precordial Doppler to assess vascular access in children: A preliminary report.,PubMed,DOI match: 10.1111/ped.15164
A CLINICAL CASE OF ARTERIAL THROMBOSIS IN A PREMATURE BOY WITH NEONATAL SEPSIS AND HIGH RECTAL ATRESIA,Embase,A CLINICAL CASE OF ARTERIAL THROMBOSIS IN A PREMATURE BOY WITH NEONATAL SEPSIS AND HIGH RECTAL ATRESIA.,PubMed,PMID match: 35522885
Mechanical-chemical ablation (MOCA) of the saphenous vein with the ClariVein (®) catheter. first experience in paraguay at the paraguayan center for varices (cepava). report of First three cases,Embase,"Endovenous Laser Ablation 1940 nm, First 1000 Cases",Embase,DOI match: 10.1177/02683555221110363
Total thermal ablation for the treatment of varicose veins,Embase,"Endovenous Laser Ablation 1940 nm, First 1000 Cases",Embase,DOI match: 10.1177/02683555221110363
Peripheral Venous Pressure-Guided Decongestive Therapy in Heart Failure,Embase,Peripheral Venous Pressure-Guided Decongestive Therapy in Heart Failure 2,Embase,Title similarity (0.89): 'Peripheral Venous Pressure-Guided Decongestive Therapy in He...'
Techniques and Technologies to Improve Peripheral Intravenous Catheter Outcomes in Pediatric Patients: Systematic Review and Meta-Analysis,Embase,Techniques and Technologies to Improve Peripheral Intravenous Catheter Outcomes in Pediatric Patients: Systematic Review and Meta-Analysis.,PubMed,DOI match: 10.12788/jhm.3718
Applicability of precordial Doppler ultrasound to confirm the correct placement of peripheral intravenous access in children,Embase,Applicability of precordial Doppler ultrasound to confirm the correct placement of peripheral intravenous access in children.,PubMed,DOI match: 10.1016/j.jclinane.2021.110434
Catheter Length In-Vein Impacts Ultrasound-Guided Peripheral Intravenous Catheter Survival,Embase,Catheter Length In-Vein Impacts Ultrasound-Guided Peripheral Intravenous Catheter Survival.,PubMed,DOI match: 10.1016/j.jen.2021.06.001
Catheter failure in the administration of hyperosmotic drugs through a peripheral vein and vascular selection: A retrospective cohort study,Embase,Catheter failure in the administration of hyperosmotic drugs through a peripheral vein and vascular selection: A retrospective cohort study.,PubMed,DOI match: 10.5582/ddt.2021.01080
Damage to subcutaneous tissue at the catheterization site during chemotherapy: A prospective observational study using ultrasonography,Embase,Damage to subcutaneous tissue at the catheterization site during chemotherapy: A prospective observational study using ultrasonography.,PubMed,DOI match: 10.1111/jjns.12436
Long peripheral catheters for intravenous access in adults and children: A systematic review of the literature,Embase,Long peripheral catheters for intravenous access in adults and children: A systematic review of the literature.,PubMed,DOI match: 10.1177/1129729820927272
Extended dwell and standard ultrasound guided peripheral intravenous catheters: Comparison of durability and reliability,Embase,Extended dwell and standard ultrasound guided peripheral intravenous catheters: Comparison of durability and reliability.,PubMed,DOI match: 10.1016/j.ajem.2021.05.005
Early recognition of peripheral intravenous catheter failure using serial ultrasonographic assessments,Embase,Early recognition of peripheral intravenous catheter failure using serial ultrasonographic assessments.,PubMed,DOI match: 10.1371/journal.pone.0253243
Evaluating the Role of the Guidewire in Peripheral Intravenous Access: A Randomized Controlled Trial of Ultrasound-Guided Catheter Survival,Embase,Evaluating the Role of the Guidewire in Peripheral Intravenous Access: a Randomized Controlled Trial of Ultrasound-Guided Catheter Survival,Cochrane,Title similarity (1.00): 'Evaluating the Role of the Guidewire in Peripheral Intraveno...'
"Venous blood gas parameters, electrolytes, glucose and lactate concentration in sick neonatal foals: Direct venipuncture versus push-pull technique",Embase,"Venous blood gas parameters, electrolytes, glucose and lactate concentration in sick neonatal foals: Direct venipuncture versus push-pull technique.",PubMed,DOI match: 10.1111/evj.13332
Ultrasound-guided placement of peripherally inserted intravenous catheters increase catheter dwell time in children,Embase,Ultrasound-guided placement of peripherally inserted intravenous catheters increase catheter dwell time in children.,PubMed,DOI match: 10.1177/1129729820929826
Introduction of precordial Doppler ultrasound to confirm correct peripheral venous access during general anesthesia in children: A preliminary study,Embase,Introduction of precordial Doppler ultrasound to confirm correct peripheral venous access during general anesthesia in children: A preliminary study.,PubMed,DOI match: 10.1371/journal.pone.0248999
Vortex dynamics and transport phenomena in stenotic aortic models using Echo-PIV,Embase,Vortex dynamics and transport phenomena in stenotic aortic models using Echo-PIV.,PubMed,DOI match: 10.1088/1361-6560/abd670
"A missing piece: Fracture of peripheral intravenous cannula, a case report",Embase,"A missing piece: Fracture of peripheral intravenous cannula, a case report.",PubMed,DOI match: 10.1016/j.ijscr.2020.12.030
The Effect of Catheter Length Placed Into the Vein on Peripheral Ultrasound-Guided Catheter Survival Time: A Prospective Observational Study,Embase,The Effect of Catheter Length Placed Into the Vein on Peripheral Ultrasound-Guided Catheter Survival Time: A Prospective Observational Study.,PubMed,DOI match: 10.1016/j.jen.2020.05.015
Subdural extravasation of crystalloids and blood products through a scalp peripheral intravenous catheter into the subdural space of a neonate on veno-arterial extracorporeal membrane oxygenation,Embase,Subdural extravasation of crystalloids and blood products through a scalp peripheral intravenous catheter into the subdural space of a neonate on veno-arterial extracorporeal membrane oxygenation.,PubMed,DOI match: 10.3233/npm-200610
Midline or long peripheral catheters in difficult venous access conditions? A comparative study in patients with acute cardiovascular diseases,Embase,Midline or long peripheral catheters in difficult venous access conditions? A comparative study in patients with acute cardiovascular diseases.,PubMed,DOI match: 10.1016/j.ajic.2019.12.025
Evaluation of a thermosensitive liquid crystal film for catheterization site assessment immediately following chemotherapy administration: An observational study,Embase,Evaluation of a thermosensitive liquid crystal film for catheterization site assessment immediately following chemotherapy administration: An observational study.,PubMed,DOI match: 10.1016/j.ejon.2020.101802
Use of Intracardiac Echocardiography or Left Atrial Appendage Radiography to Guide Implantation of a Left Atrial Appendage Occlusion Device,Embase,Use of Intracardiac Echocardiography or Left Atrial Appendage Radiography to Guide Implantation of a Left Atrial Appendage Occlusion Device.,Embase,Title similarity (1.00): 'Use of Intracardiac Echocardiography or Left Atrial Appendag...'
Ultralong Versus Standard Long Peripheral Intravenous Catheters: A Randomized Controlled Trial of Ultrasonographically Guided Catheter Survival,Embase,Ultralong Versus Standard Long Peripheral Intravenous Catheters: A Randomized Controlled Trial of Ultrasonographically Guided Catheter Survival.,PubMed,DOI match: 10.1016/j.annemergmed.2019.11.013
Mini-midline in difficult intravenous access patients in emergency department: A prospective analysis,Embase,Mini-midline in difficult intravenous access patients in emergency department: A prospective analysis.,PubMed,DOI match: 10.1177/1129729819883129
Insertion of a 1.9F central venous catheter via the internal jugular vein in neonates,Embase,Insertion of a 1.9F central venous catheter via the internal jugular vein in neonates.,PubMed,DOI match: 10.1177/0300060520925380
Practical guide for safe central venous catheterization and management 2017,Embase,Practical guide for safe central venous catheterization and management 2017.,PubMed,DOI match: 10.1007/s00540-019-02702-9
The Utility of Midline Intravenous Catheters in Critically Ill Emergency Department Patients,Embase,The Utility of Midline Intravenous Catheters in Critically Ill Emergency Department Patients.,PubMed,DOI match: 10.1016/j.annemergmed.2019.09.018
The clinical performance of midline catheters—An observational study,Embase,The clinical performance of midline catheters-An observational study.,PubMed,DOI match: 10.1111/aas.13516
Ultrasound-Detected Venous Changes Associated with Peripheral Intravenous Placement in Children,Embase,Ultrasound-detected venous changes associated with peripheral intravenous placement in children.,PubMed,PMID match: 32324455
Preventing peripheral intravenous catheter failure by reducing mechanical irritation,Embase,Preventing peripheral intravenous catheter failure by reducing mechanical irritation.,PubMed,DOI match: 10.1038/s41598-019-56873-2
Effect of venous access site on postintervention stent thrombosis for nonthrombotic iliac vein stenting,Embase,Effect of venous access site on postintervention stent thrombosis for nonthrombotic iliac vein stenting.,PubMed,DOI match: 10.1016/j.jvsv.2019.03.014
Utility of color flow Doppler ultrasound to identify peripheral intravenous catheter position in adult surgical patients,Embase,Utility of color flow Doppler ultrasound to identify peripheral intravenous catheter position in adult surgical patients.,PubMed,DOI match: 10.1177/2050312120912123
Short-Term Flow Changes in Monochorionic Survivor Twins after Ultrasound-Guided Umbilical Cord Occlusion,Embase,Short-Term Flow Changes in Monochorionic Survivor Twins after Ultrasound-Guided Umbilical Cord Occlusion.,PubMed,DOI match: 10.1159/000500021
Peripherally inserted central catheter–related thrombosis rate in modern vascular access era—when insertion technique matters: A systematic review and meta-analysis,Embase,Peripherally inserted central catheter-related thrombosis rate in modern vascular access era-when insertion technique matters: A systematic review and meta-analysis.,PubMed,DOI match: 10.1177/1129729819852203
Should the CDC’s recommendations for promptly removing unnecessary centrally inserted central catheters be enhanced? Ultrasound-guided peripheral venous cannulation to fully comply,Embase,Should the CDC's recommendations for promptly removing unnecessary centrally inserted central catheters be enhanced? Ultrasound-guided peripheral venous cannulation to fully comply.,PubMed,DOI match: 10.1177/1129729819863556
Development of an algorithm using ultrasonography-assisted peripheral intravenous catheter placement for reducing catheter failure,Embase,Development of an algorithm using ultrasonography-assisted peripheral intravenous catheter placement for reducing catheter failure.,PubMed,DOI match: 10.5582/ddt.2019.01094
Reaching one peripheral intravenous catheter per patient visit with multi-modal strategy: The piv5rights bundle,Embase,New electronic optical sensor for the early detection of peripheral iv infiltration,Cochrane,DOI match: 10.1177/1129729820953
Ultrasound guided short midline catheters as a solution for patients with venous patrimony problems,Embase,New electronic optical sensor for the early detection of peripheral iv infiltration,Cochrane,DOI match: 10.1177/1129729820953
Observational study and analysis of complications in patients candidate for the positioning of picc-port,Embase,New electronic optical sensor for the early detection of peripheral iv infiltration,Cochrane,DOI match: 10.1177/1129729820953
Picc placement-initial experience of a multidisciplinary vascular access team,Embase,New electronic optical sensor for the early detection of peripheral iv infiltration,Cochrane,DOI match: 10.1177/1129729820953
New electronic optical sensor for the early detection of peripheral iv infiltration,Embase,New electronic optical sensor for the early detection of peripheral iv infiltration,Cochrane,DOI match: 10.1177/1129729820953
Peripheral intravenous catheter securement with tissue adhesive compared to conventional dressing: A randomized controlled trial,Embase,New electronic optical sensor for the early detection of peripheral iv infiltration,Cochrane,DOI match: 10.1177/1129729820953
Picc-port: A retrospective analysis of the single institute on the utility and security in 716 cancer patients,Embase,New electronic optical sensor for the early detection of peripheral iv infiltration,Cochrane,DOI match: 10.1177/1129729820953
"Incidence, characteristics and timing of peripheral intravenous catheter failure in patients receiving chemotherapy with hematological malignancy: A prospective descriptive study",Embase,New electronic optical sensor for the early detection of peripheral iv infiltration,Cochrane,DOI match: 10.1177/1129729820953
Ultra long versus standard long peripheral intravenous catheters: A randomized controlled trial of ultrasound-guided catheter survival,Embase,New electronic optical sensor for the early detection of peripheral iv infiltration,Cochrane,DOI match: 10.1177/1129729820953
Thermosensitive liquid crystal film evaluation for catheterization site condition just after chemotherapy,Embase,New electronic optical sensor for the early detection of peripheral iv infiltration,Cochrane,DOI match: 10.1177/1129729820953
Automated ultrasonographic detection of thrombus and subcutaneous edema due to using peripheral intravenous catheter,Embase,New electronic optical sensor for the early detection of peripheral iv infiltration,Cochrane,DOI match: 10.1177/1129729820953
Ultrasound-guided peripheral venous cannulation in critically ill patients: a practical guideline,Embase,Ultrasound-guided peripheral venous cannulation in critically ill patients: a practical guideline.,PubMed,DOI match: 10.1186/s13089-019-0144-5
346 Ultra Long Versus Standard Long Peripheral Intravenous Catheters: A Randomized Controlled Trial of Ultrasound-Guided Catheter Survival,Embase,346 Ultra Long Versus Standard Long Peripheral Intravenous Catheters: a Randomized Controlled Trial of Ultrasound-Guided Catheter Survival,Cochrane,DOI match: 10.1016/j.annemergmed.2019.08.305
Ultrasonographic Detection of Micro-Bubbles in the Right Atrium to Confirm Peripheral Venous Catheter Position in Children,Embase,Ultrasonographic Detection of Micro-Bubbles in the Right Atrium to Confirm Peripheral Venous Catheter Position in Children.,PubMed,DOI match: 10.1097/ccm.0000000000003916
The Utility and Survivorship of Peripheral Intravenous Catheters Inserted in the Emergency Department,Embase,The Utility and Survivorship of Peripheral Intravenous Catheters Inserted in the Emergency Department.,PubMed,DOI match: 10.1016/j.annemergmed.2019.02.003
Contrast Extravasation as a Complication of Emergency Nurse-Performed Ultrasound-Guided Peripheral Intravenous Catheter Placement,Embase,Contrast Extravasation as a Complication of Emergency Nurse-Performed Ultrasound-Guided Peripheral Intravenous Catheter Placement.,PubMed,DOI match: 10.1016/j.jen.2019.05.016
A new device for ultrasound-guided peripheral venous access,Embase,A new device for ultrasound-guided peripheral venous access.,PubMed,DOI match: 10.1177/1129729818801302
Standard long IV catheters versus extended dwell catheters: A randomized comparison of ultrasound-guided catheter survival,Embase,Standard long IV catheters versus extended dwell catheters: A randomized comparison of ultrasound-guided catheter survival.,PubMed,DOI match: 10.1016/j.ajem.2018.07.031
Ultrasonographic assessment of an induration caused by extravasation of a nonvesicant anticancer drug,Embase,Ultrasonographic assessment of an induration caused by extravasation of a nonvesicant anticancer drug: A case report.,PubMed,DOI match: 10.1097/md.0000000000015043
"Impact of saline flushing volume on PIVC failure, vascular calibre and tissue injury - a pre-clinical human trial",Embase,Interventional study of care protocols including using ultrasonography to reduce mechanical irritation for the prevention of peripheral intravenous catheter failure,Cochrane,DOI match: 10.1177/1129729818778929
"The incidence and cumulative risk of primary bloodstream and venous infections in 12,623 peripheral intravenous catheters in Australia",Embase,Interventional study of care protocols including using ultrasonography to reduce mechanical irritation for the prevention of peripheral intravenous catheter failure,Cochrane,DOI match: 10.1177/1129729818778929
Interventional study of care protocols including using ultrasonography to reduce mechanical irritation for the prevention of peripheral intravenous catheter failure,Embase,Interventional study of care protocols including using ultrasonography to reduce mechanical irritation for the prevention of peripheral intravenous catheter failure,Cochrane,DOI match: 10.1177/1129729818778929
From insertion to removal of emergency department inserted peripheral intravenous catheters. a multi-centre survival analysis of an admitted cohort,Embase,Interventional study of care protocols including using ultrasonography to reduce mechanical irritation for the prevention of peripheral intravenous catheter failure,Cochrane,DOI match: 10.1177/1129729818778929
JLB®: A solution for ultrasound-guided cannulation of veins of medium and large caliber in the emergency department,Embase,Interventional study of care protocols including using ultrasonography to reduce mechanical irritation for the prevention of peripheral intravenous catheter failure,Cochrane,DOI match: 10.1177/1129729818778929
Extended subcutaneous route in PICC insertion: A subcutaneous tunnel without surgical maneuvers,Embase,Interventional study of care protocols including using ultrasonography to reduce mechanical irritation for the prevention of peripheral intravenous catheter failure,Cochrane,DOI match: 10.1177/1129729818778929
Risk of midline catheter-related bloodstream infections in medical and surgical patients. a monocentric prospective study,Embase,Interventional study of care protocols including using ultrasonography to reduce mechanical irritation for the prevention of peripheral intravenous catheter failure,Cochrane,DOI match: 10.1177/1129729818778929
Characteristics of subcutaneous tissues at the site of insertion of peripheral infusion in patients undergoing paclitaxel and carboplatin chemotherapy,Embase,Characteristics of subcutaneous tissues at the site of insertion of peripheral infusion in patients undergoing paclitaxel and carboplatin chemotherapy.,PubMed,DOI match: 10.5582/ddt.2019.01064
Efficacy and safety of ultrasound-guided totally implantable venous access ports via the right innominate vein in adult patients with cancer: Our single-center experience and protocol,Embase,Efficacy and safety of ultrasound-guided totally implantable venous access ports via the right innominate vein in adult patients with cancer: Single-centre experience and protocol,Embase,Title similarity (0.88): 'Efficacy and safety of ultrasound-guided totally implantable...'
Point-of-Care Ultrasound Use in Neonatal Peripheral Intravenous Extravasation Injuries: A Case Series,Embase,Point-of-Care Ultrasound Use in Neonatal Peripheral Intravenous Extravasation Injuries: A Case Series.,PubMed,DOI match: 10.1097/won.0000000000000475
From insertion to removal: A multicenter survival analysis of an admitted cohort with peripheral intravenous catheters inserted in the emergency department,Embase,From insertion to removal: A multicenter survival analysis of an admitted cohort with peripheral intravenous catheters inserted in the emergency department.,PubMed,DOI match: 10.1017/ice.2018.190
Ultrasound-guided Peripheral IV vs. Standard Technique in Difficult Vascular Access Patients by ICU Nurses,Embase,Ultrasound-guided Peripheral IV vs. Standard Technique in Difficult Vascular Access Patients by ICU Nurses,Cochrane,Title similarity (1.00): 'Ultrasound-guided Peripheral IV vs. Standard Technique in Di...'
Ultrasound-guided intravenous catheter survival impacted by amount of catheter residing in the vein,Embase,Ultrasound-guided intravenous catheter survival impacted by amount of catheter residing in the vein.,PubMed,DOI match: 10.1136/emermed-2017-206803
Mid-Term Results of Peripheral Cannulation After Robotic Cardiac Surgery,Embase,Mid-Term Results of Peripheral Cannulation After Robotic Cardiac Surgery.,PubMed,DOI match: 10.21470/1678-9741-2018-0061
A prospective feasibility trial of a novel intravascular catheter system with retractable coiled tip guidewire placed in difficult intravascular access (DIVA) patients in the Emergency Department,Embase,A prospective feasibility trial of a novel intravascular catheter system with retractable coiled tip guidewire placed in difficult intravascular access (DIVA) patients in the Emergency Department.,PubMed,DOI match: 10.1007/s11739-017-1747-0
Peripherally inserted central catheters in the treatment of children with cancer: Results of a multicenter study,Embase,Peripherally inserted central catheters in the treatment of children with cancer: Results of a multicenter study.,PubMed,DOI match: 10.1177/1129729818757970
Ultrasound-guided versus landmark approach for peripheral intravenous access by critical care nurses: A randomised controlled study,Embase,Ultrasound-guided versus landmark approach for peripheral intravenous access by critical care nurses: a randomised controlled study.,PubMed,DOI match: 10.1136/bmjopen-2017-020220
Risk of contrast extravasation with computed tomography in ultrasound guided vascular access,Embase,Factors associated with increased survival time of ultrasound-guided peripheral intravenous lines,Embase,DOI match: 10.1111/acem.13424
The utility of peripheral intravenous catheters inserted in the emergency department and their survivorship in the hospital,Embase,Factors associated with increased survival time of ultrasound-guided peripheral intravenous lines,Embase,DOI match: 10.1111/acem.13424
A pilot study to evaluate the feasibility of utilizing ultrasound to visualize intraosseous flow following intraosseous needle placement in adults,Embase,Factors associated with increased survival time of ultrasound-guided peripheral intravenous lines,Embase,DOI match: 10.1111/acem.13424
Targeting zero catheter-related bloodstream infections in pediatric intensive care unit: a retrospective matched case-control study,Embase,Targeting zero catheter-related bloodstream infections in pediatric intensive care unit: a retrospective matched case-control study.,PubMed,DOI match: 10.5301/jva.5000797
Exploring the causes of peripheral intravenous catheter failure based on shape of catheters removed from various insertion sites,Embase,Exploring the causes of peripheral intravenous catheter failure based on shape of catheters removed from various insertion sites.,PubMed,DOI match: 10.5582/ddt.2018.01024
The feasibility and safety of PICCs accessed via the superficial femoral vein in patients with superior vena cava syndrome,Embase,The feasibility and safety of PICCs accessed via the superficial femoral vein in patients with superior vena cava syndrome.,PubMed,DOI match: 10.5301/jva.5000810
Ultrasound-guided placement of long peripheral cannulas in children over the age of 10 years admitted to the emergency department: A pilot study,Embase,Ultrasound-guided placement of long peripheral cannulas in children over the age of 10 years admitted to the emergency department: a pilot study.,PubMed,DOI match: 10.1136/bmjpo-2017-000244
Procedural competency in ultrasound-guided peripheral intravenous catheter insertion in a pediatric emergency department,Embase,Procedural competency for ultrasound-guided peripheral intravenous catheter insertion for nurses in a pediatric emergency department,Embase,Title similarity (0.86): 'Procedural competency in ultrasound-guided peripheral intrav...'
Introduction of color-flow injection test to confirm intravascular location of peripherally placed intravenous catheters,Embase,Introduction of color-flow injection test to confirm intravascular location of peripherally placed intravenous catheters.,PubMed,DOI match: 10.1111/pan.13188
Point-Of-Care Ultrasound as an Adjunct in the Diagnosis of Neonatal and Pediatric Superficial Soft Tissue Infection: A Report of Two Cases,Embase,Point-Of-Care Ultrasound as an Adjunct in the Diagnosis of Neonatal and Pediatric Superficial Soft Tissue Infection: A Report of Two Cases.,PubMed,PMID match: 28759423
Comparison between retrograde and antegrade peripheral venous cannulation in intensive care unit patients: Assessment of thrombus formation,Embase,Comparison Between Retrograde and Antegrade Peripheral Venous Cannulation in Intensive Care Unit Patients: Assessment of Thrombus Formation.,PubMed,DOI match: 10.1213/ane.0000000000001703
Decreasing Peripherally Inserted Central Catheter Use With Ultrasound-Guided Peripheral Intravenous Lines: A Quality Improvement Project in the Acute Care Setting,Embase,Decreasing Peripherally Inserted Central Catheter Use With Ultrasound-Guided Peripheral Intravenous Lines: A Quality Improvement Project in the Acute Care Setting.,PubMed,DOI match: 10.1097/nna.0000000000000489
Continuous thermographic observation may predict extravasation in chemotherapy-treated patients,Embase,Continuous thermographic observation may predict extravasation in chemotherapy-treated patients.,PubMed,DOI match: 10.1016/j.ejon.2017.02.009
Ultrasound-guided deep-arm veins insertion of long peripheral catheters in patients with difficult venous access after cardiac surgery,Embase,Ultrasound-guided deep-arm veins insertion of long peripheral catheters in patients with difficult venous access after cardiac surgery.,PubMed,DOI match: 10.1016/j.hrtlng.2016.09.003
Comparative study of complications in CV catheter insertion for pediatric patients: Real-time ultrasound-guided versus venography-guided approach,Embase,Comparative Study of Complications in CV Catheter Insertion for Pediatric Patients: Real-time Ultrasound-guided Versus Venography-guided Approach.,PubMed,DOI match: 10.24563/yam.2017.12.004
Low-angled peripheral intravenous catheter tip placement decreases phlebitis,Embase,Low-angled peripheral intravenous catheter tip placement decreases phlebitis.,PubMed,DOI match: 10.5301/jva.5000601
The Midline Catheter: A Clinical Review,Embase,The Midline Catheter: A Clinical Review.,PubMed,DOI match: 10.1016/j.jemermed.2016.05.029
Extravasation Risk Using Ultrasound-guided Peripheral Intravenous Catheters for Computed Tomography Contrast Administration,Embase,Extravasation Risk Using Ultrasound-guided Peripheral Intravenous Catheters for Computed Tomography Contrast Administration.,PubMed,DOI match: 10.1111/acem.13000
Low-temperature infiltration identified using infrared thermography in patients with subcutaneous edema revealed ultrasonographically: A case report,Embase,Low-temperature infiltration identified using infrared thermography in patients with subcutaneous edema revealed ultrasonographically: A case report.,PubMed,DOI match: 10.5582/ddt.2016.01033
Ultrasonography-Guided Peripheral Intravenous Access in Children: A Randomized Controlled Trial,Embase,Ultrasonography-Guided Peripheral Intravenous Access in Children: A Randomized Controlled Trial.,PubMed,DOI match: 10.1097/nan.0000000000000126
A randomised controlled trial of radial artery cannulation guided by Doppler vs palpation vs ultrasound,Embase,A randomised controlled trial of radial artery cannulation guided by Doppler vs. palpation vs. ultrasound,Cochrane,DOI match: 10.1111/anae.13062
Complications of peripherally inserted central catheters in adults with cystic fibrosis or bronchiectasis,Embase,Complications of peripherally inserted central catheters in adults with cystic fibrosis or bronchiectasis.,PubMed,DOI match: 10.5301/jva.5000347
Difficult peripheral venous access: clinical evaluation of a catheter inserted with the Seldinger method under ultrasound guidance,Embase,Difficult peripheral venous access: clinical evaluation of a catheter inserted with the Seldinger method under ultrasound guidance.,PubMed,DOI match: 10.1016/j.jcrc.2014.04.022
Fractures of totally implantable central venous ports: More than fortuity. A three-year single center experience,Embase,Fractures of totally implantable central venous ports: more than fortuity. A three-year single center experience.,PubMed,DOI match: 10.5301/jva.5000261
A Multicomponent Bundle to Minimize Catheter-Related Bloodstream Infection in a Pediatric Intensive Care Unit,Embase,The SICA Protocol: A Bundle of Interventions for the Safe Insertion of Central Venous Catheters in Adult Patients,Embase,DOI match: 10.5301/jva.5000275
The 1st PICC Team in Czech Republic – Our Experience,Embase,The SICA Protocol: A Bundle of Interventions for the Safe Insertion of Central Venous Catheters in Adult Patients,Embase,DOI match: 10.5301/jva.5000275
Impact of Ultrasound in Peripherally Inserted Central Catheter (PICC) Placement. Evidence from a Randomized Trial,Embase,The SICA Protocol: A Bundle of Interventions for the Safe Insertion of Central Venous Catheters in Adult Patients,Embase,DOI match: 10.5301/jva.5000275
"3rd World Congress on Vascular Access, WoCoVA 2014",Embase,The SICA Protocol: A Bundle of Interventions for the Safe Insertion of Central Venous Catheters in Adult Patients,Embase,DOI match: 10.5301/jva.5000275
Experimental study of underwater transmission characteristics of high-frequency 30 MHz polyurea ultrasonic transducer.,Embase,Experimental study of underwater transmission characteristics of high-frequency 30 MHz polyurea ultrasonic transducer.,PubMed,PMID match: 24035608
Experimental study of underwater transmission characteristics of high-frequency 30 MHz polyurea ultrasonic transducer,Embase,Experimental study of underwater transmission characteristics of high-frequency 30 MHz polyurea ultrasonic transducer.,PubMed,DOI match: 10.1016/j.ultras.2013.08.006
"Venous International Assessment, VIA scale, validated classification procedure for the peripheral venous system",Embase,"Venous International Assessment, VIA scale, validated classification procedure for the peripheral venous system.",PubMed,DOI match: 10.5301/jva.5000173
Is ultrasound-guided central venous port placement effective to avoid pinch-off syndrome?,Embase,Is ultrasound-guided central venous port placement effective to avoid pinch-off syndrome?,PubMed,DOI match: 10.5301/jva.5000201
Difficult peripheral venous access: Clinical evaluation of a catheter inserted with the Seldinger method under ultrasound guidance,Embase,Difficult peripheral venous access: clinical evaluation of a catheter inserted with the Seldinger method under ultrasound guidance.,PubMed,DOI match: 10.1016/j.jcrc.2014.04.022
Difficult peripheral venous access: Clinical evaluation of a catheter inserted with the Seldinger method under ultrasound guidance,Embase,Difficult peripheral venous access: clinical evaluation of a catheter inserted with the Seldinger method under ultrasound guidance.,PubMed,DOI match: 10.1016/j.jcrc.2014.04.022
Something's missing: Peripheral intravenous catheter fracture,Embase,Something's missing: peripheral intravenous catheter fracture.,PubMed,DOI match: 10.3122/jabfm.2013.06.130097
"Catheter-related complications in cancer patients on home parenteral nutrition: A prospective study of over 51,000 catheter days",Embase,"Catheter-related complications in cancer patients on home parenteral nutrition: a prospective study of over 51,000 catheter days.",PubMed,DOI match: 10.1177/0148607112460552
Assertiveness and peripheral intravenous catheters dwell time with ultrasonography-guided insertion in children and adolescents,Embase,[Assertiveness and peripheral intravenous catheters dwell time with ultrasonography-guided insertion in children and adolescents].,PubMed,PMID match: 24601127
Decrease in central venous catheter placement due to use of ultrasound guidance for peripheral intravenous catheters,Embase,Decrease in central venous catheter placement due to use of ultrasound guidance for peripheral intravenous catheters.,PubMed,DOI match: 10.1016/j.ajem.2012.04.016
Update on totally implantable venous access devices,Embase,Update on totally implantable venous access devices.,PubMed,DOI match: 10.1016/j.suronc.2012.02.003
Confirming extravasation from a peripheral venous catheter: Another role for ultrasonography,Embase,Confirming extravasation from a peripheral venous catheter: another role for ultrasonography.,PubMed,DOI match: 10.1111/j.1365-2044.2012.07092.x
TIPS in children,Embase,How to keep out of trouble,Embase,DOI match: 10.1007/s00270-011-0216-9
"Catheter-related complications in home parenteral nutrition in cancer patients: A prospective study of over 51,000 catheter days",Embase,"Catheter-related complications in cancer patients on home parenteral nutrition: a prospective study of over 51,000 catheter days.",PubMed,Title similarity (0.94): 'Catheter-related complications in home parenteral nutrition ...'
The electrocardiographic method for positioning the tip of central venous catheters,Embase,The electrocardiographic method for positioning the tip of central venous catheters.,PubMed,DOI match: 10.5301/jva.2011.8381
Kodamaea Ohmeri Fungemia in an Immunocompetent Patient Treated with Micafungin: Case Report and Review of the Literature,Embase,Kodamaea ohmeri fungemia in an immunocompetent patient treated with micafungin: case report and review of the literature.,PubMed,DOI match: 10.1007/s11046-010-9315-4
Persistent left superior vena cava connected through the left upper pulmonary vein to the left atrium: An unusual pathway for paradoxical embolization and a rare cause of recurrent transient ischaemic attack,Embase,Persistent left superior vena cava connected through the left upper pulmonary vein to the left atrium: an unusual pathway for paradoxical embolization and a rare cause of recurrent transient ischaemic attack.,PubMed,DOI match: 10.1093/ejechocard/jeq079
Ultrasound-guided peripheral intravenous access in the intensive care unit,Embase,Ultrasound-guided peripheral intravenous access in the intensive care unit.,PubMed,DOI match: 10.1016/j.jcrc.2009.09.003
Central vein dilatation prior to concomitant port implantation,Embase,Central vein dilatation prior to concomitant port implantation.,PubMed,DOI match: 10.1007/s00270-009-9699-z
Ultrasonography-guided peripheral intravenous catheter survival in ED patients with difficult access,Embase,Ultrasonography-guided peripheral intravenous catheter survival in ED patients with difficult access.,PubMed,DOI match: 10.1016/j.ajem.2008.09.001
Long-Term Results using Catheter-directed Thrombolysis in 103 Lower Limbs with Acute Iliofemoral Venous Thrombosis,Embase,Long-term results using catheter-directed thrombolysis in 103 lower limbs with acute iliofemoral venous thrombosis.,PubMed,DOI match: 10.1016/j.ejvs.2009.09.015
"ESPEN Guidelines on Parenteral Nutrition: Central Venous Catheters (access, care, diagnosis and therapy of complications)",Embase,"ESPEN Guidelines on Parenteral Nutrition: central venous catheters (access, care, diagnosis and therapy of complications).",PubMed,DOI match: 10.1016/j.clnu.2009.03.015
"Sub-piexl methods for improving vector quality in echo PIV flow, imaging technology.",Embase,"Sub-piexl methods for improving vector quality in echo PIV flow, imaging technology.",PubMed,PMID match: 19963463
Access for starting kidney replacement therapy: vascular and peritoneal temporal access in pre-dialysis,Embase,[Access for starting kidney replacement therapy: vascular and peritoneal temporal access in pre-dialysis].,PubMed,PMID match: 19018747
Success of ultrasound-guided peripheral intravenous access with skin marking,Embase,Success of ultrasound-guided peripheral intravenous access with skin marking.,PubMed,DOI match: 10.1111/j.1553-2712.2008.00174.x
Ultrasonographically Guided Insertion of a 15-cm Catheter Into the Deep Brachial or Basilic Vein in Patients With Difficult Intravenous Access,Embase,Ultrasonographically guided insertion of a 15-cm catheter into the deep brachial or basilic vein in patients with difficult intravenous access.,PubMed,PMID match: 17433498
VeinViewer Assisted Intravenous Catheter Placement in the Pediatric Emergency Department,Embase,VeinViewer Assisted Intravenous Catheter Placement in the Pediatric Emergency Department,Cochrane,Title similarity (1.00): 'VeinViewer Assisted Intravenous Catheter Placement in the Pe...'
Retraction:Tei index for prenatal diagnosis of acute fetal hypoxia due to intermittent umbilical cord occlusion in an animal model,Embase,Tei index for prenatal diagnosis of acute fetal hypoxia due to intermittent umbilical cord occlusion in an animal model.,PubMed,PMID match: 17611944
Radiologic placement of implantable chest ports in pediatric patients,Embase,Radiologic placement of implantable chest ports in pediatric patients.,PubMed,PMID match: 11264096
Implantation of permanent jugular catheters in patients on regular dialysis treatment: Ten years' experience,Embase,Implantation of permanent jugular catheters in patients on regular dialysis treatment: ten years' experience.,PubMed,Title similarity (1.00): 'Implantation of permanent jugular catheters in patients on r...'
Development and Implementation of an Ultrasound-Guided Peripheral Intravenous Catheter Education Program for Critical Care Nurses.,CINAHL,Development and Implementation of an Ultrasound-Guided Peripheral Intravenous Catheter Education Program for Critical Care Nurses.,PubMed,DOI match: 10.1097/dcc.0000000000000528
Introducing an ultrasound-guided longer length peripheral IV catheter for patients with difficult venous access.,CINAHL,Introducing an ultrasound-guided longer length peripheral IV catheter for patients with difficult venous access.,PubMed,Title similarity (1.00): 'Introducing an ultrasound-guided longer length peripheral IV...'
Recent Advances in Ultrasound-Guided Peripheral Intravenous Catheter Insertion.,CINAHL,Recent Advances in Ultrasound-Guided Peripheral Intravenous Catheter Insertion.,PubMed,DOI match: 10.3390/nursrep15100359
Ultrasound-guided PIVC insertion: a randomised controlled trial protocol.,CINAHL,Ultrasound-guided PIVC insertion: a randomised controlled trial protocol.,PubMed,DOI match: 10.12968/bjon.2023.32.14.s22
Evaluation of extended-length cannula inserted using ultrasound guidance in patients with difficult IV access.,CINAHL,Evaluation of extended-length cannula inserted using ultrasound guidance in patients with difficult IV access.,PubMed,DOI match: 10.12968/bjon.2023.32.14.s14
Introducing an ultrasound-guided longer length peripheral IV catheter for patients with difficult venous access.,CINAHL,Introducing an ultrasound-guided longer length peripheral IV catheter for patients with difficult venous access.,PubMed,DOI match: 10.12968/bjon.2024.33.7.s4
Extravasation Risk Using Ultrasound-guided Peripheral Intravenous Catheters for Computed Tomography Contrast Administration.,CINAHL,Extravasation Risk Using Ultrasound-guided Peripheral Intravenous Catheters for Computed Tomography Contrast Administration.,PubMed,DOI match: 10.1111/acem.13000
Point-of-Care Ultrasound Use in Neonatal Peripheral Intravenous Extravasation Injuries: A Case Series.,CINAHL,Point-of-Care Ultrasound Use in Neonatal Peripheral Intravenous Extravasation Injuries: A Case Series.,PubMed,DOI match: 10.1097/won.0000000000000475
The Effect of Catheter Length Placed Into the Vein on Peripheral Ultrasound-Guided Catheter Survival Time: A Prospective Observational Study.,CINAHL,The Effect of Catheter Length Placed Into the Vein on Peripheral Ultrasound-Guided Catheter Survival Time: A Prospective Observational Study.,PubMed,DOI match: 10.1016/j.jen.2020.05.015
Standard long IV catheters versus extended dwell catheters: A randomized comparison of ultrasound-guided catheter survival.,CINAHL,Standard long IV catheters versus extended dwell catheters: A randomized comparison of ultrasound-guided catheter survival.,PubMed,DOI match: 10.1016/j.ajem.2018.07.031
Ultrasound-detected venous changes associated with peripheral intravenous placement in children.,CINAHL,Ultrasound-detected venous changes associated with peripheral intravenous placement in children.,PubMed,DOI match: 10.12968/bjon.2020.29.8.s44
The Midline Catheter Within the Context of Home Intravenous Antibiotic Treatment.,CINAHL,The Midline Catheter Within the Context of Home Intravenous Antibiotic Treatment,Embase,DOI match: 10.1097/nan.0000000000000559
Ultrasound-Detected Venous Changes Associated with Peripheral Intravenous Placement in Children.,CINAHL,Ultrasound-detected venous changes associated with peripheral intravenous placement in children.,PubMed,Title similarity (1.00): 'Ultrasound-Detected Venous Changes Associated with Periphera...'
Outcomes of Using a Modified Seldinger Technique for Long Term Intravenous Therapy in Hospitalized Patients with Difficult Venous Access.,CINAHL,Outcomes of using a modified seldinger technique for long term intravenous therapy in hospitalized patients with difficult venous access,Embase,DOI match: 10.2309/java.17-1-3
A Retrospective Look at Peripheral Intravenous Catheter (PIVC) Dwell Times in Pediatric Population.,CINAHL,A retrospective look at peripheral intravenous catheter (PIVC) Dwell Times in Pediatric Population,Embase,DOI match: 10.2309/java-d-23-00025
"Long guidewire peripheral intravenous catheters in emergency departments for management of difficult intravenous access: A multicenter, pragmatic, randomized controlled trial.",CINAHL,"Long guidewire peripheral intravenous catheters in emergency departments for management of difficult intravenous access: A multicenter, pragmatic, randomized controlled trial.",PubMed,DOI match: 10.1111/acem.15004
Operation STICK Improves Vascular Access Outcomes in a Specialty Team: A Quasi-Experimental Study.,CINAHL,Operation STICK Improves Vascular Access Outcomes in a Specialty Team: A Quasi-Experimental Study.,PubMed,DOI match: 10.1097/ncq.0000000000000801
Ultrasound-guided peripheral intravenous access in the intensive care unit.,CINAHL,Ultrasound-guided peripheral intravenous access in the intensive care unit.,PubMed,DOI match: 10.1016/j.jcrc.2009.09.003
Extended dwell and standard ultrasound guided peripheral intravenous catheters: Comparison of durability and reliability.,CINAHL,Extended dwell and standard ultrasound guided peripheral intravenous catheters: Comparison of durability and reliability.,PubMed,DOI match: 10.1016/j.ajem.2021.05.005
The Utility and Survivorship of Peripheral Intravenous Catheters Inserted in the Emergency Department.,CINAHL,The Utility and Survivorship of Peripheral Intravenous Catheters Inserted in the Emergency Department.,PubMed,DOI match: 10.1016/j.annemergmed.2019.02.003
Ultrasound-Guided Great Saphenous Vein Access: Revisiting an Old Friend in a New Location.,CINAHL,Ultrasound-Guided Great Saphenous Vein Access: Revisiting an Old Friend in a New Location.,PubMed,DOI match: 10.1016/j.jemermed.2021.10.006
Catheter Length In-Vein Impacts Ultrasound-Guided Peripheral Intravenous Catheter Survival.,CINAHL,Catheter Length In-Vein Impacts Ultrasound-Guided Peripheral Intravenous Catheter Survival.,PubMed,DOI match: 10.1016/j.jen.2021.06.001
Success of Ultrasound-guided Peripheral Intravenous Access with Skin Marking.,CINAHL,Success of ultrasound-guided peripheral intravenous access with skin marking.,PubMed,DOI match: 10.1111/j.1553-2712.2008.00174.x
"Incidence, causes, and timing of peripheral intravenous catheter failure related to insertion timing in the treatment cycle in patients with hematological malignancies: A prospective descriptive study.",CINAHL,"Incidence, causes, and timing of peripheral intravenous catheter failure related to insertion timing in the treatment cycle in patients with hematological malignancies: A prospective descriptive study.",PubMed,DOI match: 10.1111/jjns.12484
Ultrasonography-Guided Peripheral Intravenous Access: Regular Technique Versus Seldinger Technique in Patients with Difficult Vascular Access.,CINAHL,Ultrasonography-guided peripheral intravenous access: Regular technique versus seldinger technique in patients with difficult vascular access,Embase,DOI match: 10.29333/ejgm/82434
"Impact of Different Flushing Frequencies on Peripheral Intravenous Catheter Failure, Coagulation, and Tissue Injury-A Counterbalanced Preclinical Human Trial.",CINAHL,"Impact of Different Flushing Frequencies on Peripheral Intravenous Catheter Failure, Coagulation, and Tissue Injury—A Counterbalanced Preclinical Human Trial",Embase,DOI match: 10.2309/java-d-22-00006
Ultrasonography-guided peripheral intravenous catheter survival in ED patients with difficult access.,CINAHL,Ultrasonography-guided peripheral intravenous catheter survival in ED patients with difficult access.,PubMed,DOI match: 10.1016/j.ajem.2008.09.001
Ultrasonographic assessment of an induration caused by extravasation of a nonvesicant anticancer drug: A case report.,CINAHL,Ultrasonographic assessment of an induration caused by extravasation of a nonvesicant anticancer drug: A case report.,PubMed,DOI match: 10.1097/md.0000000000015043
Ultralong Versus Standard Long Peripheral Intravenous Catheters: A Randomized Controlled Trial of Ultrasonographically Guided Catheter Survival.,CINAHL,Ultralong Versus Standard Long Peripheral Intravenous Catheters: A Randomized Controlled Trial of Ultrasonographically Guided Catheter Survival.,PubMed,DOI match: 10.1016/j.annemergmed.2019.11.013
Damage to subcutaneous tissue at the catheterization site during chemotherapy: A prospective observational study using ultrasonography.,CINAHL,Damage to subcutaneous tissue at the catheterization site during chemotherapy: A prospective observational study using ultrasonography.,PubMed,DOI match: 10.1111/jjns.12436
Continuous thermographic observation may predict extravasation in chemotherapy-treated patients.,CINAHL,Continuous thermographic observation may predict extravasation in chemotherapy-treated patients.,PubMed,DOI match: 10.1016/j.ejon.2017.02.009
Ultrasonographic Detection of Micro-Bubbles in the Right Atrium to Confirm Peripheral Venous Catheter Position in Children.,CINAHL,Ultrasonographic Detection of Micro-Bubbles in the Right Atrium to Confirm Peripheral Venous Catheter Position in Children.,PubMed,DOI match: 10.1097/ccm.0000000000003916
273 Contrast Extravasation Prevalence in Emergency Department Patients With Ultrasound-Guided Peripheral Intravenous Catheters.,CINAHL,Contrast extravasation prevalence in emergency department patients with ultrasound-guided peripheral intravenous catheters,Embase,Title similarity (0.92): '273 Contrast Extravasation Prevalence in Emergency Departmen...'
Ultrasonographically guided insertion of a 15-cm catheter into the deep brachial or basilic vein in patients with difficult intravenous access.,CINAHL,Ultrasonographically guided insertion of a 15-cm catheter into the deep brachial or basilic vein in patients with difficult intravenous access.,PubMed,Title similarity (1.00): 'Ultrasonographically guided insertion of a 15-cm catheter in...'
Confirming extravasation from a peripheral venous catheter: another role for ultrasonography.,CINAHL,Confirming extravasation from a peripheral venous catheter: another role for ultrasonography.,PubMed,DOI match: 10.1111/j.1365-2044.2012.07092.x
Central vein dilatation prior to concomitant port implantation.,CINAHL,Central vein dilatation prior to concomitant port implantation.,PubMed,DOI match: 10.1007/s00270-009-9699-z
The Midline Catheter: A Clinical Review.,CINAHL,The Midline Catheter: A Clinical Review.,PubMed,DOI match: 10.1016/j.jemermed.2016.05.029
Evaluation of a thermosensitive liquid crystal film for catheterization site assessment immediately following chemotherapy administration: An observational study.,CINAHL,Evaluation of a thermosensitive liquid crystal film for catheterization site assessment immediately following chemotherapy administration: An observational study.,PubMed,DOI match: 10.1016/j.ejon.2020.101802
